{

    "ambient_temperature_system_failure.csv":
    [
         "2013-12-22 20:00:00.000000",
         "2014-04-13 09:00:00.000000"
    ],
    "cpu_utilization_asg_misconfiguration.csv":
    [
         "2014-07-12 02:04:00.000000",
         "2014-07-14 21:44:00.000000"
    ],
    "ec2_request_latency_system_failure.csv":
    [
         "2014-03-14 09:06:00.000000",
         "2014-03-18 22:41:00.000000",
         "2014-03-21 03:01:00.000000"
    ],
    "machine_temperature_system_failure.csv":
    [
         "2013-12-11 06:00:00.000000",
         "2013-12-16 17:25:00.000000",
         "2014-01-28 13:55:00.000000",
         "2014-02-08 14:30:00.000000"
    ],
    "rogue_agent_key_hold.csv":
    [
        "2014-07-15 08:30:00.000000",
        "2014-07-17 09:50:00.000000"
    ],
    "rogue_agent_key_updown.csv":
    [
        "2014-07-15 04:00:00.000000",
        "2014-07-17 08:50:00.000000"
    ],
    "nyc_taxi.csv":
    [
        "2014-11-01 19:00:00.000000",
        "2014-11-27 15:30:00.000000",
        "2014-12-25 15:00:00.000000",
        "2015-01-01 01:00:00.000000",
        "2015-01-27 00:00:00.000000"
    ]

}
